id,first_name,last_name,email,gender,ip_address
1,Lilias,Ebbles,lebbles0@vinaora.com,Female,50.253.137.17
2,Siffre,Rosel,srosel1@imdb.com,Male,21.186.251.169
3,Iosep,Vasnev,ivasnev2@msn.com,Male,196.192.138.41
4,Doyle,Whitton,dwhitton3@alibaba.com,Male,62.95.88.204
5,Norah,Gemnett,ngemnett4@123-reg.co.uk,Female,126.30.226.183
6,Aldon,Lared,alared5@phpbb.com,Male,108.34.10.135
7,Sallee,O'Cahsedy,socahsedy6@woothemes.com,Female,95.105.210.102
8,Nestor,Zavattiero,nzavattiero7@pcworld.com,Male,47.117.152.160
9,Pattie,Attride,pattride8@theglobeandmail.com,Bigender,174.225.12.77
10,Malena,Matkovic,mmatkovic9@earthlink.net,Female,51.194.135.18
11,Jonas,McQuie,jmcquiea@xinhuanet.com,Male,195.207.72.175
12,Hart,Ledster,hledsterb@dmoz.org,Male,85.14.130.60
13,Quentin,Standingford,qstandingfordc@hugedomains.com,Polygender,215.202.30.69
14,Ringo,de Quincey,rdequinceyd@google.nl,Bigender,124.131.23.118
15,Bert,Kuzemka,bkuzemkae@deviantart.com,Female,17.124.205.6
16,Dianne,Verduin,dverduinf@meetup.com,Female,146.113.253.30
17,Spike,Handke,shandkeg@microsoft.com,Male,99.209.246.77
18,Phillipe,Genever,pgeneverh@lulu.com,Male,179.183.63.20
19,Jaime,Checchetelli,jchecchetellii@walmart.com,Male,30.115.21.244
20,Alicia,Ismay,aismayj@senate.gov,Genderfluid,48.108.64.7
21,Port,Game,pgamek@google.com.au,Male,150.146.50.152
22,Aurie,Hitzke,ahitzkel@seattletimes.com,Female,10.36.232.98
23,Ethan,Burnsyde,eburnsydem@simplemachines.org,Male,9.221.50.157
24,Ardis,Howgate,ahowgaten@house.gov,Female,98.60.28.4
25,Ashbey,Du Barry,adubarryo@opera.com,Male,120.222.27.136
26,Nappie,De Angelis,ndeangelisp@studiopress.com,Male,135.64.114.174
27,Robby,Steffens,rsteffensq@domainmarket.com,Female,82.193.101.209
28,Elden,Casaccio,ecasaccior@nyu.edu,Male,63.88.119.252
29,Vincenz,Abbatucci,vabbatuccis@unesco.org,Male,46.92.219.204
30,Heywood,Gunther,hgunthert@mapy.cz,Male,87.65.110.243
31,Winny,Cobbledick,wcobbledicku@paginegialle.it,Male,111.193.221.54
32,Glynda,Emeny,gemenyv@dot.gov,Female,207.250.78.234
33,Corina,Creek,ccreekw@forbes.com,Female,169.156.133.218
34,Donn,Gawkroge,dgawkrogex@unicef.org,Male,114.142.17.248
35,Sherilyn,Wildbore,swildborey@edublogs.org,Female,18.197.0.51
36,Gilberte,Rizzotto,grizzottoz@plala.or.jp,Female,150.185.206.254
37,Hammad,Lamberto,hlamberto10@desdev.cn,Male,232.192.115.228
38,Dwain,Scotter,dscotter11@bing.com,Male,44.188.221.145
39,Margareta,Raven,mraven12@drupal.org,Female,175.204.27.225
40,Ardeen,Scemp,ascemp13@live.com,Female,127.226.28.193
41,Kristofer,Stockell,kstockell14@dropbox.com,Male,244.246.254.66
42,Samson,Evens,sevens15@youtu.be,Male,202.46.131.75
43,Griswold,Matschke,gmatschke16@csmonitor.com,Male,226.38.193.248
44,Gertrude,Glader,gglader17@nih.gov,Female,209.137.231.55
45,Lanny,Woodward,lwoodward18@slate.com,Male,57.68.104.220
46,Sigfried,Tibald,stibald19@amazon.de,Male,232.180.70.59
47,Halette,Vasentsov,hvasentsov1a@merriam-webster.com,Female,107.191.198.76
48,Christie,Sommerland,csommerland1b@usnews.com,Female,65.110.46.222
49,Mommy,Reek,mreek1c@webeden.co.uk,Bigender,18.18.27.142
50,Lizzie,Plewes,lplewes1d@livejournal.com,Female,14.35.161.65
51,Garald,Heggison,gheggison1e@whitehouse.gov,Male,96.178.56.220
52,Worthy,Goodban,wgoodban1f@digg.com,Male,211.155.3.191
53,Matthew,Frandsen,mfrandsen1g@smugmug.com,Male,196.247.35.57
54,Dal,Kender,dkender1h@parallels.com,Male,183.39.14.26
55,Willette,Spelman,wspelman1i@tinypic.com,Female,193.54.169.10
56,Marcelo,Gabb,mgabb1j@economist.com,Male,237.132.188.125
57,Cassie,Wandrach,cwandrach1k@yelp.com,Male,42.78.173.246
58,August,Ginie,aginie1l@prlog.org,Male,133.179.81.232
59,Ermanno,Treasaden,etreasaden1m@epa.gov,Male,2.38.174.27
60,Meryl,Flucks,mflucks1n@ebay.co.uk,Male,123.123.196.45
61,Kristoforo,Ladd,kladd1o@google.de,Male,166.71.169.201
62,Bridie,Rheaume,brheaume1p@dagondesign.com,Female,215.115.3.234
63,Domenic,Giacoppo,dgiacoppo1q@simplemachines.org,Male,125.208.135.70
64,Maiga,Richemond,mrichemond1r@github.io,Female,197.45.242.226
65,Hasheem,Jeakins,hjeakins1s@dagondesign.com,Male,72.208.12.62
66,Christos,Manders,cmanders1t@angelfire.com,Male,104.3.59.144
67,Larine,Mc Carroll,lmccarroll1u@ifeng.com,Female,201.186.210.197
68,Billy,Shellcross,bshellcross1v@over-blog.com,Male,205.208.252.33
69,Guido,Pagram,gpagram1w@wikimedia.org,Male,214.46.162.9
70,Yardley,Osborne,yosborne1x@nsw.gov.au,Genderqueer,246.1.156.187
71,Gothart,Hatchett,ghatchett1y@usa.gov,Male,77.124.130.76
72,Goran,Illidge,gillidge1z@yahoo.com,Male,1.212.37.14
73,Kalila,Blewis,kblewis20@sciencedirect.com,Female,217.83.15.113
74,Rici,Magowan,rmagowan21@lulu.com,Female,62.34.235.254
75,Jedediah,Tod,jtod22@yellowbook.com,Male,20.131.137.222
76,Seumas,Mounsey,smounsey23@dot.gov,Male,238.213.192.141
77,Benjamin,Patient,bpatient24@chron.com,Agender,124.204.100.15
78,Rosene,Abbie,rabbie25@cisco.com,Female,246.154.192.28
79,Dominick,Leydon,dleydon26@flickr.com,Male,154.58.24.224
80,Marys,Kenshole,mkenshole27@lulu.com,Female,214.129.244.186
81,Anton,Norcliffe,anorcliffe28@1688.com,Genderfluid,213.109.50.203
82,Radcliffe,Devons,rdevons29@who.int,Male,130.80.51.108
83,Bethina,Kase,bkase2a@nydailynews.com,Female,201.119.47.49
84,Ramonda,Hilland,rhilland2b@illinois.edu,Female,115.1.108.205
85,Brander,Dinnage,bdinnage2c@nydailynews.com,Male,70.68.30.208
86,Terrell,Ghidotti,tghidotti2d@cbslocal.com,Male,69.41.236.35
87,Thain,Ferenczy,tferenczy2e@google.com.br,Male,129.177.52.133
88,Nara,Frostick,nfrostick2f@bravesites.com,Female,30.65.56.65
89,Shurlocke,Maycey,smaycey2g@jiathis.com,Male,87.19.210.216
90,Heindrick,Petts,hpetts2h@state.tx.us,Male,183.202.193.81
91,Gabbie,Olivas,golivas2i@google.it,Male,87.251.83.138
92,Adriena,Roelofsen,aroelofsen2j@slate.com,Female,161.50.68.71
93,Roley,Loyndon,rloyndon2k@slashdot.org,Male,248.168.196.1
94,Zane,Spraging,zspraging2l@marriott.com,Male,180.213.89.11
95,Freddy,Bluck,fbluck2m@lycos.com,Male,235.250.142.159
96,Wait,Mettricke,wmettricke2n@dot.gov,Male,233.7.72.8
97,Merwin,Dyde,mdyde2o@mashable.com,Male,17.250.207.114
98,Nataline,Shaves,nshaves2p@auda.org.au,Female,25.89.119.187
99,Levy,Broomhead,lbroomhead2q@ask.com,Male,70.229.117.5
100,Lilllie,Albisser,lalbisser2r@1und1.de,Female,27.143.214.101
101,Pennie,Mollatt,pmollatt2s@csmonitor.com,Female,104.227.155.231
102,Muffin,Walker,mwalker2t@vinaora.com,Female,15.88.206.181
103,Mignon,Casolla,mcasolla2u@ning.com,Female,103.121.180.217
104,Ranique,Lanmeid,rlanmeid2v@fda.gov,Bigender,134.96.139.169
105,Glory,Tebbett,gtebbett2w@oakley.com,Female,220.161.150.222
106,Jon,Fieldgate,jfieldgate2x@simplemachines.org,Male,250.245.44.179
107,Arne,Smardon,asmardon2y@vinaora.com,Male,49.222.44.182
108,Sapphire,Jenney,sjenney2z@examiner.com,Female,239.20.73.240
109,Zachery,Beecham,zbeecham30@exblog.jp,Male,137.216.205.156
110,Creighton,Downe,cdowne31@trellian.com,Male,95.172.41.37
111,Eldredge,Sydes,esydes32@infoseek.co.jp,Male,211.9.187.181
112,Nonna,Jozwik,njozwik33@lycos.com,Female,253.185.72.54
113,Sydelle,Lumpkin,slumpkin34@wired.com,Female,233.92.144.222
114,Gunter,Brooksby,gbrooksby35@theguardian.com,Male,146.216.203.15
115,Missie,Aynsley,maynsley36@independent.co.uk,Female,74.66.3.1
116,Farlee,Givens,fgivens37@bigcartel.com,Male,46.119.216.231
117,Mathilda,Wratten,mwratten38@ihg.com,Genderfluid,109.114.132.227
118,Rooney,Andover,randover39@fc2.com,Male,14.228.86.113
119,Ly,Veal,lveal3a@bizjournals.com,Male,168.220.130.128
120,Lari,Jiggens,ljiggens3b@epa.gov,Female,241.34.246.19
121,Raf,Haggata,rhaggata3c@tamu.edu,Female,16.210.94.116
122,Sheela,Champerlen,schamperlen3d@example.com,Female,130.68.84.171
123,Florette,Pedrazzi,fpedrazzi3e@addtoany.com,Female,211.154.63.133
124,Noble,Langmuir,nlangmuir3f@illinois.edu,Male,244.253.55.210
125,Sunshine,Endrici,sendrici3g@google.ca,Female,192.76.222.140
126,Lanny,Gittoes,lgittoes3h@wsj.com,Male,164.147.141.65
127,Dannie,Giddins,dgiddins3i@miitbeian.gov.cn,Female,108.138.161.77
128,Andreas,Everson,aeverson3j@wunderground.com,Male,84.74.88.240
129,Shane,Decreuze,sdecreuze3k@springer.com,Female,148.119.175.99
130,Maryrose,Cartmail,mcartmail3l@freewebs.com,Female,201.233.241.6
131,Dean,Murtimer,dmurtimer3m@ebay.co.uk,Male,244.127.37.61
132,Matthaeus,Clohisey,mclohisey3n@hibu.com,Male,141.175.138.147
133,Brig,Buggs,bbuggs3o@gnu.org,Male,61.67.142.210
134,Deeanne,Boughtflower,dboughtflower3p@wisc.edu,Female,167.16.117.64
135,Dulce,Popplewell,dpopplewell3q@narod.ru,Female,211.49.33.95
136,Lynn,Musla,lmusla3r@miitbeian.gov.cn,Female,220.98.109.145
137,Kennett,Lambol,klambol3s@umn.edu,Male,187.156.233.125
138,Lucina,Haug,lhaug3t@squarespace.com,Female,83.160.164.160
139,Daffie,Bountiff,dbountiff3u@google.com.br,Female,162.249.50.145
140,Clarette,Yerrall,cyerrall3v@microsoft.com,Female,100.216.206.65
141,Julia,Penkman,jpenkman3w@unicef.org,Female,25.149.18.32
142,Jenny,Jouhandeau,jjouhandeau3x@soundcloud.com,Female,106.252.56.238
143,Alick,Leece,aleece3y@shareasale.com,Male,40.11.77.35
144,Candide,Boscott,cboscott3z@google.ca,Female,2.183.251.222
145,Dolley,Boulsher,dboulsher40@moonfruit.com,Female,180.255.193.250
146,Remus,Postlewhite,rpostlewhite41@nifty.com,Polygender,142.115.52.22
147,Lorilyn,Cahalan,lcahalan42@reuters.com,Female,177.94.162.176
148,Melisande,Baughan,mbaughan43@toplist.cz,Female,3.177.17.32
149,Gibb,Askaw,gaskaw44@delicious.com,Male,74.75.125.254
150,Ira,Iacopetti,iiacopetti45@pinterest.com,Male,232.66.39.11
151,Archibald,Lemmanbie,alemmanbie46@jimdo.com,Male,120.217.236.137
152,Riobard,Pearde,rpearde47@nifty.com,Male,17.119.22.102
153,Sisely,Fawthrop,sfawthrop48@google.cn,Female,90.67.8.4
154,Elana,Mattingley,emattingley49@ucsd.edu,Female,135.240.149.178
155,Guglielma,Reolfo,greolfo4a@lycos.com,Female,192.234.158.122
156,Vin,Klausen,vklausen4b@sourceforge.net,Female,41.116.10.96
157,Hildagard,Birchner,hbirchner4c@storify.com,Female,65.213.227.45
158,Vanda,Oughton,voughton4d@mlb.com,Female,216.51.170.95
159,Roxie,Trotman,rtrotman4e@patch.com,Female,232.162.175.244
160,Turner,Nickell,tnickell4f@photobucket.com,Male,71.77.61.124
161,Holli,Kelsell,hkelsell4g@independent.co.uk,Female,63.4.199.120
162,Jada,Ingley,jingley4h@jalbum.net,Female,86.76.142.176
163,Audry,Honnicott,ahonnicott4i@goo.ne.jp,Genderqueer,129.134.172.215
164,Lexie,Bernini,lbernini4j@gizmodo.com,Female,134.87.41.42
165,Charline,Bapty,cbapty4k@woothemes.com,Female,47.150.178.64
166,Katusha,Rickards,krickards4l@4shared.com,Female,18.76.145.6
167,Clark,Debenham,cdebenham4m@pagesperso-orange.fr,Male,219.133.70.212
168,Briggs,Vanlint,bvanlint4n@seattletimes.com,Male,168.17.115.253
169,Hayyim,Astill,hastill4o@wikia.com,Male,223.43.159.210
170,Shirley,Grey,sgrey4p@uol.com.br,Female,44.156.84.63
171,Jake,Sawkins,jsawkins4q@acquirethisname.com,Male,178.15.62.98
172,Corry,Durie,cdurie4r@infoseek.co.jp,Female,181.87.72.193
173,Donnamarie,Acton,dacton4s@hc360.com,Female,170.24.118.91
174,Bobette,Shardlow,bshardlow4t@simplemachines.org,Female,216.218.157.191
175,Alan,Goodlake,agoodlake4u@godaddy.com,Polygender,128.5.111.75
176,Quincy,Felten,qfelten4v@unicef.org,Male,19.242.110.4
177,Adolphe,Gilogly,agilogly4w@weibo.com,Male,34.70.164.9
178,Averil,Yashnov,ayashnov4x@hc360.com,Male,57.80.229.192
179,Porter,Tinker,ptinker4y@mysql.com,Male,120.39.77.90
180,Carolan,Kieran,ckieran4z@artisteer.com,Female,133.225.195.56
181,Gradey,Muckart,gmuckart50@thetimes.co.uk,Male,176.118.126.236
182,Vite,Sharland,vsharland51@sciencedirect.com,Male,94.38.127.36
183,Gabriello,McCaskell,gmccaskell52@umich.edu,Male,136.152.150.201
184,Briney,Speakman,bspeakman53@apple.com,Female,157.97.226.246
185,Miner,Cosens,mcosens54@yolasite.com,Male,82.92.84.78
186,Harlan,Manshaw,hmanshaw55@toplist.cz,Male,158.0.153.63
187,Bette-ann,Procter,bprocter56@loc.gov,Female,58.254.41.161
188,Donnie,Boater,dboater57@hud.gov,Male,208.210.115.175
189,Marianne,Beranek,mberanek58@latimes.com,Female,222.9.150.33
190,Hanna,Thormwell,hthormwell59@artisteer.com,Female,59.91.171.125
191,Joshua,Wastie,jwastie5a@qq.com,Male,46.190.29.130
192,Sorcha,Breawood,sbreawood5b@t.co,Female,158.24.100.240
193,Oralee,Gapp,ogapp5c@over-blog.com,Female,192.26.11.115
194,Warren,Vinden,wvinden5d@etsy.com,Male,130.45.42.56
195,Gaspard,McKeighen,gmckeighen5e@123-reg.co.uk,Male,242.229.90.255
196,Griselda,Goldston,ggoldston5f@clickbank.net,Female,54.36.48.243
197,Etienne,Order,eorder5g@merriam-webster.com,Male,55.7.122.15
198,Diena,Sammes,dsammes5h@ameblo.jp,Female,19.42.58.75
199,Vinni,Dulany,vdulany5i@bluehost.com,Genderqueer,101.239.132.204
200,Moria,Roust,mroust5j@bluehost.com,Female,87.10.107.166
201,Rosalinda,Devas,rdevas5k@miitbeian.gov.cn,Female,74.157.89.76
202,Meredith,O'Logan,mologan5l@imageshack.us,Female,165.77.74.159
203,Danielle,Owain,dowain5m@clickbank.net,Female,67.233.131.44
204,Tarrah,Band,tband5n@ebay.com,Female,33.150.238.87
205,Axe,Kelleher,akelleher5o@hc360.com,Non-binary,24.142.61.164
206,Pennie,Mugglestone,pmugglestone5p@tinypic.com,Male,213.82.35.174
207,Ellie,Leechman,eleechman5q@google.com.br,Female,84.187.41.228
208,Noby,Lippitt,nlippitt5r@bigcartel.com,Male,219.87.191.96
209,Maris,Chadwyck,mchadwyck5s@indiatimes.com,Female,188.195.41.110
210,Randall,Everill,reverill5t@skyrock.com,Male,222.249.54.151
211,Donavon,Caris,dcaris5u@ifeng.com,Genderfluid,120.19.107.79
212,Quintus,Scarre,qscarre5v@cornell.edu,Male,197.220.11.150
213,Terrie,Codling,tcodling5w@amazonaws.com,Female,13.9.20.81
214,Sara-ann,Valett,svalett5x@stanford.edu,Female,73.142.69.39
215,Sinclair,Wigfall,swigfall5y@yahoo.co.jp,Male,250.128.191.223
216,Jarrod,Hassen,jhassen5z@nbcnews.com,Male,138.73.116.10
217,Friedrick,Benito,fbenito60@canalblog.com,Male,213.246.111.148
218,Corby,Conws,cconws61@issuu.com,Male,196.156.120.20
219,Benetta,McKennan,bmckennan62@japanpost.jp,Female,217.97.144.109
220,Bryn,Skingle,bskingle63@google.com,Male,143.195.107.116
221,Emanuel,Grigg,egrigg64@pagesperso-orange.fr,Male,30.214.25.234
222,Ania,Pittwood,apittwood65@noaa.gov,Female,17.15.240.241
223,Emily,Southouse,esouthouse66@creativecommons.org,Female,249.193.71.164
224,Corny,Bangle,cbangle67@skyrock.com,Male,113.5.223.147
225,Dene,Elesander,delesander68@va.gov,Male,161.254.234.181
226,Anthony,Colam,acolam69@youtube.com,Male,148.209.159.210
227,Cynthia,Critchlow,ccritchlow6a@behance.net,Female,247.95.195.122
228,Ferguson,Fillis,ffillis6b@arizona.edu,Male,46.73.19.241
229,Car,Whittlesey,cwhittlesey6c@163.com,Male,139.189.187.83
230,Patrick,Tivolier,ptivolier6d@cpanel.net,Male,113.114.138.84
231,Winifred,Yeandel,wyeandel6e@cargocollective.com,Female,99.90.232.67
232,Rollins,Cannell,rcannell6f@comcast.net,Non-binary,35.252.170.189
233,Willard,Bortolazzi,wbortolazzi6g@google.ru,Male,92.226.146.218
234,Reggie,Massei,rmassei6h@livejournal.com,Female,184.228.205.70
235,Jackquelin,Vitet,jvitet6i@bizjournals.com,Female,171.44.186.130
236,Becki,Kegg,bkegg6j@arstechnica.com,Female,245.4.184.219
237,Ragnar,Kropach,rkropach6k@prweb.com,Male,235.213.124.54
238,Noreen,Baccup,nbaccup6l@twitpic.com,Female,93.38.38.124
239,Christos,Brayn,cbrayn6m@japanpost.jp,Male,61.169.101.36
240,Keene,Alti,kalti6n@go.com,Male,97.174.173.217
241,Cary,Macias,cmacias6o@tiny.cc,Male,62.116.42.145
242,Griffy,Bubeer,gbubeer6p@mapy.cz,Male,5.223.196.107
243,Chet,Gryglewski,cgryglewski6q@intel.com,Male,107.18.161.227
244,Sully,Bruyett,sbruyett6r@fotki.com,Male,139.89.149.128
245,Kerrill,Bradshaw,kbradshaw6s@constantcontact.com,Female,123.34.6.137
246,Dot,Klezmski,dklezmski6t@engadget.com,Female,100.120.74.56
247,Dell,Thorpe,dthorpe6u@pbs.org,Male,252.36.30.28
248,Torrey,Cherrie,tcherrie6v@addtoany.com,Male,248.83.169.197
249,Nessie,Siege,nsiege6w@issuu.com,Female,36.211.91.18
250,Di,Pendered,dpendered6x@lycos.com,Female,164.168.133.172
251,Mac,Colville,mcolville6y@virginia.edu,Male,170.238.245.216
252,Jemie,Rymour,jrymour6z@eventbrite.com,Female,237.117.93.222
253,Arley,Merwood,amerwood70@1und1.de,Male,209.25.70.9
254,Lin,Shavel,lshavel71@tmall.com,Male,127.116.157.239
255,Gui,Lidster,glidster72@narod.ru,Bigender,170.124.7.3
256,Kristofer,Rilings,krilings73@merriam-webster.com,Male,72.202.189.195
257,Phillida,Gipp,pgipp74@zimbio.com,Female,4.88.136.71
258,Freddie,Delafoy,fdelafoy75@drupal.org,Female,140.253.30.85
259,Del,Cartmel,dcartmel76@usa.gov,Female,26.196.135.161
260,Madella,Stockman,mstockman77@mashable.com,Female,50.230.233.140
261,Durante,Netti,dnetti78@cloudflare.com,Male,37.59.252.117
262,Fernandina,Mocher,fmocher79@over-blog.com,Non-binary,93.3.111.110
263,Cob,MacCosty,cmaccosty7a@comsenz.com,Male,15.195.208.237
264,Dorry,Siddell,dsiddell7b@devhub.com,Female,120.169.175.209
265,Mick,Reoch,mreoch7c@wikipedia.org,Male,80.37.224.221
266,Shawnee,Boldison,sboldison7d@epa.gov,Female,57.241.148.144
267,Clarence,Petts,cpetts7e@un.org,Male,92.242.52.167
268,Candida,Fairholme,cfairholme7f@constantcontact.com,Female,190.93.37.171
269,Jdavie,Toomer,jtoomer7g@youku.com,Genderqueer,44.38.88.45
270,Charlotte,Hairesnape,chairesnape7h@cbslocal.com,Female,7.37.35.174
271,Shea,Borsnall,sborsnall7i@shutterfly.com,Male,121.121.21.99
272,Brandon,Hatfull,bhatfull7j@fema.gov,Male,56.110.32.164
273,Tedda,Clemmey,tclemmey7k@instagram.com,Female,3.177.40.108
274,Rosalyn,Bumphrey,rbumphrey7l@people.com.cn,Female,91.81.90.207
275,Major,Dowding,mdowding7m@macromedia.com,Male,126.163.39.219
276,Win,Davidy,wdavidy7n@wix.com,Male,199.21.36.88
277,Idelle,Struys,istruys7o@nationalgeographic.com,Female,213.216.43.228
278,Tova,Pinnijar,tpinnijar7p@ftc.gov,Female,147.221.110.6
279,Auria,Petlyura,apetlyura7q@china.com.cn,Female,85.132.143.225
280,Felic,Johnikin,fjohnikin7r@ask.com,Male,199.41.57.120
281,Tori,Keeri,tkeeri7s@themeforest.net,Female,143.138.40.91
282,Sissy,Nanuccioi,snanuccioi7t@nsw.gov.au,Female,53.3.103.226
283,Barn,Steven,bsteven7u@deliciousdays.com,Male,176.107.82.147
284,Rickie,Benwell,rbenwell7v@umich.edu,Female,117.131.219.38
285,Elton,Vedenisov,evedenisov7w@salon.com,Male,43.3.109.118
286,Goran,Towriss,gtowriss7x@domainmarket.com,Male,86.255.197.251
287,Sabina,Hartzogs,shartzogs7y@shinystat.com,Female,217.151.132.2
288,Anne,Laffranconi,alaffranconi7z@nps.gov,Female,156.13.85.121
289,Ivory,Malby,imalby80@hexun.com,Female,159.135.52.140
290,Barnaby,Chestnutt,bchestnutt81@paginegialle.it,Male,236.86.126.211
291,Lida,Davisson,ldavisson82@adobe.com,Female,8.131.225.186
292,Barnabas,Rogerson,brogerson83@ucsd.edu,Male,28.149.160.178
293,Adriana,Grealy,agrealy84@narod.ru,Female,81.0.216.143
294,Vidovik,Kitchiner,vkitchiner85@comcast.net,Male,28.112.206.194
295,Syd,Spink,sspink86@wunderground.com,Male,171.218.46.82
296,Marco,Erbain,merbain87@hp.com,Male,39.98.130.182
297,Casper,Stutely,cstutely88@mashable.com,Male,230.174.61.113
298,Frederic,Zorzoni,fzorzoni89@wikipedia.org,Male,103.166.226.134
299,Lambert,Loach,lloach8a@whitehouse.gov,Male,136.226.202.201
300,Amabel,Deegan,adeegan8b@ucoz.com,Female,112.73.12.57
301,Delmer,Ubank,dubank8c@hostgator.com,Polygender,62.241.189.180
302,Joseph,Ashard,jashard8d@google.co.jp,Male,32.205.76.160
303,Nerte,Coggeshall,ncoggeshall8e@clickbank.net,Female,175.234.197.215
304,Winifield,Andriuzzi,wandriuzzi8f@constantcontact.com,Male,171.223.217.101
305,Quincey,Winckle,qwinckle8g@google.fr,Male,255.178.22.5
306,Ryann,Peealess,rpeealess8h@webs.com,Female,91.204.147.233
307,Patton,Tagg,ptagg8i@blogspot.com,Male,42.199.140.98
308,Barny,Durtnall,bdurtnall8j@deliciousdays.com,Male,53.98.107.133
309,Verla,Studdert,vstuddert8k@cdbaby.com,Female,156.68.63.180
310,Hendrick,Burtwhistle,hburtwhistle8l@diigo.com,Male,10.110.211.195
311,Winfield,Skitch,wskitch8m@nba.com,Male,94.234.102.208
312,Geoffrey,Igo,gigo8n@elegantthemes.com,Genderqueer,1.194.203.12
313,Vanya,Rout,vrout8o@linkedin.com,Male,75.225.187.67
314,Kean,Watkiss,kwatkiss8p@time.com,Male,58.68.82.230
315,Scottie,Lortz,slortz8q@theglobeandmail.com,Male,235.18.204.68
316,Nancey,Dyhouse,ndyhouse8r@hud.gov,Female,23.94.137.240
317,Kasper,Dubique,kdubique8s@telegraph.co.uk,Male,13.171.73.39
318,Moria,Blackmoor,mblackmoor8t@about.com,Female,39.252.231.19
319,Loreen,Liveley,lliveley8u@nhs.uk,Female,181.141.254.221
320,Nettle,Nisuis,nnisuis8v@army.mil,Female,255.0.38.61
321,Micah,Darinton,mdarinton8w@about.me,Male,245.9.107.255
322,Ewen,Okeshott,eokeshott8x@reuters.com,Non-binary,251.246.113.255
323,Carey,Vain,cvain8y@google.com.br,Polygender,104.101.3.44
324,Glenden,Josephi,gjosephi8z@istockphoto.com,Male,60.114.209.102
325,Steven,Guidoni,sguidoni90@google.ca,Male,19.242.114.163
326,Gerrie,Ianitti,gianitti91@alexa.com,Female,44.231.69.48
327,Laverne,Ewols,lewols92@scientificamerican.com,Female,193.95.130.61
328,Sydel,Pablos,spablos93@myspace.com,Female,248.3.189.113
329,Sheela,Vickerman,svickerman94@wordpress.com,Female,60.225.21.31
330,Chic,Rosina,crosina95@ezinearticles.com,Male,47.53.6.99
331,Ivar,Wayman,iwayman96@adobe.com,Male,92.12.40.74
332,Galen,Reisenstein,greisenstein97@nymag.com,Male,181.216.140.162
333,Nonah,Wong,nwong98@w3.org,Genderfluid,121.238.190.26
334,Ferrell,Devey,fdevey99@ed.gov,Male,236.29.22.81
335,Alison,Mapowder,amapowder9a@google.it,Female,29.243.221.140
336,Stefanie,Bettanay,sbettanay9b@howstuffworks.com,Female,131.3.101.221
337,Viviyan,Wenn,vwenn9c@imageshack.us,Female,75.242.146.255
338,Sarette,Vaudin,svaudin9d@drupal.org,Female,211.99.187.82
339,Avie,Van Saltsberg,avansaltsberg9e@hugedomains.com,Female,82.92.251.26
340,Hewie,Vane,hvane9f@storify.com,Non-binary,186.89.209.193
341,Alene,Scoble,ascoble9g@etsy.com,Female,240.121.241.115
342,Camel,Reven,creven9h@foxnews.com,Female,75.215.246.41
343,Celestyn,Wright,cwright9i@livejournal.com,Female,62.76.133.23
344,Floyd,Dowden,fdowden9j@geocities.com,Male,81.233.118.250
345,Dall,Mangeot,dmangeot9k@deviantart.com,Male,35.215.158.171
346,Jere,MacGall,jmacgall9l@topsy.com,Male,201.190.46.139
347,Carmen,Adie,cadie9m@yolasite.com,Female,157.220.220.20
348,Maye,Rolfo,mrolfo9n@cdbaby.com,Female,145.108.86.141
349,Donelle,Toothill,dtoothill9o@myspace.com,Female,220.189.126.29
350,Arvy,Alen,aalen9p@hatena.ne.jp,Male,202.133.233.206
351,Jamil,Wem,jwem9q@cyberchimps.com,Male,254.192.83.233
352,Cosimo,Attwood,cattwood9r@360.cn,Male,156.111.188.233
353,Flo,Dominighi,fdominighi9s@imgur.com,Female,215.0.213.131
354,Florencia,Menichelli,fmenichelli9t@pagesperso-orange.fr,Female,23.140.25.69
355,Rudolf,Ryley,rryley9u@kickstarter.com,Male,182.47.89.49
356,Robinetta,Mattea,rmattea9v@mail.ru,Female,75.55.210.127
357,Lamar,Brockest,lbrockest9w@soundcloud.com,Male,201.14.208.48
358,Melinde,Mordey,mmordey9x@rakuten.co.jp,Female,154.160.43.206
359,Gerianne,Hizir,ghizir9y@google.com.hk,Female,73.100.2.134
360,Roselle,Cometto,rcometto9z@ovh.net,Female,160.83.37.71
361,Giuseppe,Buckett,gbucketta0@umich.edu,Male,98.9.223.222
362,Jesse,Kohlerman,jkohlermana1@ucoz.ru,Female,205.80.25.198
363,Crissy,Heymes,cheymesa2@hibu.com,Female,10.236.244.118
364,Brett,Frugier,bfrugiera3@ezinearticles.com,Female,149.180.46.249
365,Silvain,Habron,shabrona4@tripadvisor.com,Male,60.243.105.180
366,Gigi,Weerdenburg,gweerdenburga5@studiopress.com,Female,220.205.109.198
367,Adriena,Kinvan,akinvana6@nyu.edu,Female,220.190.219.143
368,Hermia,Amott,hamotta7@netvibes.com,Female,47.13.57.224
369,Ruthann,Sawood,rsawooda8@springer.com,Female,40.57.109.183
370,Teirtza,Maddern,tmadderna9@cdbaby.com,Bigender,228.11.99.232
371,Andriana,Chatten,achattenaa@jalbum.net,Female,140.45.158.184
372,Lydon,Ashfull,lashfullab@github.com,Male,250.68.233.122
373,Lisle,Baudacci,lbaudacciac@wix.com,Male,67.23.12.249
374,Valeria,Stotherfield,vstotherfieldad@slate.com,Female,237.205.182.171
375,Shannan,Thebeaud,sthebeaudae@ezinearticles.com,Polygender,81.211.90.89
376,Sam,Leeburne,sleeburneaf@seattletimes.com,Female,126.143.59.145
377,Gabriellia,Luckcock,gluckcockag@naver.com,Female,25.78.16.55
378,Mallorie,Meaton,mmeatonah@homestead.com,Female,90.135.13.36
379,Darrelle,Klewi,dklewiai@salon.com,Female,187.26.130.29
380,Sampson,Couser,scouseraj@dedecms.com,Male,168.42.134.232
381,Kakalina,Aindriu,kaindriuak@ovh.net,Female,149.117.38.229
382,Alexander,Slocom,aslocomal@acquirethisname.com,Male,68.231.28.156
383,Sharyl,Metheringham,smetheringhamam@accuweather.com,Female,206.13.118.6
384,Hannie,O'Scollain,hoscollainan@shutterfly.com,Female,85.193.137.100
385,Paulita,Bolam,pbolamao@deviantart.com,Female,255.95.226.236
386,Kiley,Klimt,kklimtap@oaic.gov.au,Female,130.199.255.32
387,Alic,Pressey,apresseyaq@over-blog.com,Non-binary,96.209.254.141
388,Mureil,McPeake,mmcpeakear@jigsy.com,Female,180.64.177.131
389,Elayne,Rosbottom,erosbottomas@dion.ne.jp,Female,237.95.89.142
390,Helga,Dory,hdoryat@flavors.me,Female,19.201.176.173
391,Merrie,Splaven,msplavenau@elpais.com,Female,133.175.155.188
392,Thibaud,Fender,tfenderav@github.com,Male,7.217.60.129
393,Bale,Lockhurst,blockhurstaw@clickbank.net,Male,194.106.108.100
394,Raquel,Ramstead,rramsteadax@vimeo.com,Female,46.243.232.217
395,Joanie,McInility,jmcinilityay@mozilla.org,Female,221.166.28.46
396,Sherm,Carl,scarlaz@soup.io,Male,235.45.62.57
397,Granville,Bickardike,gbickardikeb0@instagram.com,Non-binary,169.170.195.50
398,Nessie,Rennels,nrennelsb1@etsy.com,Female,238.154.238.10
399,Fairfax,Menichino,fmenichinob2@boston.com,Male,249.17.195.246
400,Chickie,Knevett,cknevettb3@ibm.com,Male,44.177.87.38
401,Chico,Dukelow,cdukelowb4@irs.gov,Male,243.203.252.116
402,Bianka,Slavin,bslavinb5@alibaba.com,Female,169.118.147.137
403,Neda,Seer,nseerb6@cbsnews.com,Female,227.37.155.31
404,Phedra,Arrault,parraultb7@jimdo.com,Female,62.56.66.7
405,Marlowe,Sommerscales,msommerscalesb8@reddit.com,Non-binary,153.191.65.48
406,Missie,Antosch,mantoschb9@princeton.edu,Female,245.204.22.195
407,Federica,Gladyer,fgladyerba@networkadvertising.org,Female,87.77.154.118
408,Esmaria,Dulin,edulinbb@ustream.tv,Female,211.86.203.154
409,Cristin,Kinglesyd,ckinglesydbc@bizjournals.com,Female,88.96.185.92
410,Arnie,Trobe,atrobebd@amazon.de,Male,79.135.125.134
411,Melania,Kramer,mkramerbe@digg.com,Female,66.224.150.120
412,Juliette,Pandya,jpandyabf@about.me,Female,139.101.127.15
413,Samuel,McCheyne,smccheynebg@newsvine.com,Male,33.59.154.201
414,Coralyn,Patron,cpatronbh@google.com.br,Female,249.112.56.209
415,Lelah,Arpin,larpinbi@imgur.com,Female,96.37.121.195
416,Gearard,Girardi,ggirardibj@patch.com,Male,130.13.159.89
417,Ariadne,Drayson,adraysonbk@squarespace.com,Female,21.66.197.64
418,Glenn,Hunnicot,ghunnicotbl@ucoz.com,Female,46.242.47.61
419,Wolfy,Ridges,wridgesbm@timesonline.co.uk,Male,72.165.109.27
420,Karee,O'Duggan,kodugganbn@thetimes.co.uk,Female,167.189.81.230
421,Sauncho,Manshaw,smanshawbo@weather.com,Male,133.123.196.171
422,Lucila,Huckabe,lhuckabebp@pen.io,Female,105.50.114.145
423,Donica,Felipe,dfelipebq@spotify.com,Female,52.170.230.217
424,Raddy,Williamson,rwilliamsonbr@unblog.fr,Male,182.76.200.250
425,Gardiner,Bratten,gbrattenbs@wp.com,Male,87.89.20.52
426,Ichabod,Yalden,iyaldenbt@omniture.com,Genderfluid,51.70.226.103
427,Josefina,Cookes,jcookesbu@harvard.edu,Female,6.247.132.140
428,Thane,Pickup,tpickupbv@google.es,Male,249.76.64.161
429,Ellerey,Scates,escatesbw@cmu.edu,Male,181.38.153.48
430,Almeda,Watt,awattbx@samsung.com,Female,122.163.145.90
431,Darby,McQuirk,dmcquirkby@umich.edu,Genderqueer,21.229.150.223
432,Anthiathia,Albarez,aalbarezbz@answers.com,Female,55.25.161.152
433,Albrecht,Hedgeley,ahedgeleyc0@house.gov,Male,137.79.102.96
434,Woodrow,Beslier,wbeslierc1@usgs.gov,Male,3.107.134.197
435,Dieter,Wyndham,dwyndhamc2@dell.com,Male,196.168.82.50
436,Ceciley,Lardez,clardezc3@chron.com,Female,153.8.55.198
437,Levy,Zum Felde,lzumfeldec4@techcrunch.com,Male,114.5.105.137
438,Allianora,Pauli,apaulic5@homestead.com,Polygender,201.148.46.164
439,Darelle,Dingwall,ddingwallc6@gmpg.org,Female,86.107.91.87
440,Ernie,Eynaud,eeynaudc7@merriam-webster.com,Male,56.30.54.72
441,Keriann,Kimmons,kkimmonsc8@wikia.com,Female,195.15.105.116
442,Gerianna,Taleworth,gtaleworthc9@reverbnation.com,Female,251.161.199.76
443,Ernst,Yegorev,eyegorevca@seattletimes.com,Male,194.121.30.240
444,Buddy,Killingsworth,bkillingsworthcb@amazon.co.jp,Male,134.224.158.158
445,Kathe,Yelden,kyeldencc@mediafire.com,Female,187.9.155.223
446,Rey,Sermin,rsermincd@virginia.edu,Male,219.39.149.41
447,Camey,Blench,cblenchce@woothemes.com,Male,201.69.49.172
448,Bernie,Dumpleton,bdumpletoncf@bbb.org,Male,227.48.178.205
449,Arel,Lott,alottcg@tmall.com,Male,108.135.76.1
450,Cam,Gronou,cgronouch@dedecms.com,Female,65.122.161.51
451,Dillon,Lyffe,dlyffeci@irs.gov,Male,205.202.188.7
452,Arlyn,Bruins,abruinscj@slashdot.org,Female,60.97.158.74
453,Mikel,Gudger,mgudgerck@sitemeter.com,Bigender,167.50.254.181
454,Edie,Sanson,esansoncl@zimbio.com,Genderfluid,203.138.53.24
455,Andi,Buxcy,abuxcycm@fda.gov,Female,91.179.24.12
456,Maddie,Scrivens,mscrivenscn@plala.or.jp,Male,102.158.148.136
457,Silvanus,Stairmand,sstairmandco@sphinn.com,Non-binary,65.177.107.63
458,Michaeline,Lineker,mlinekercp@uiuc.edu,Female,252.56.153.164
459,Dell,Glaze,dglazecq@senate.gov,Female,250.6.250.234
460,Manfred,Freke,mfrekecr@umich.edu,Male,246.60.14.158
461,Jaine,Statton,jstattoncs@theglobeandmail.com,Female,174.129.73.6
462,Dell,Rambadt,drambadtct@yellowpages.com,Female,76.33.250.26
463,Elane,Noe,enoecu@admin.ch,Female,110.46.65.156
464,Albina,Leate,aleatecv@domainmarket.com,Genderqueer,59.141.59.236
465,Monro,Loveman,mlovemancw@smugmug.com,Male,184.217.30.105
466,Kerwin,Goulborne,kgoulbornecx@deviantart.com,Male,161.54.49.233
467,Lynde,Gillopp,lgilloppcy@github.io,Female,197.168.158.104
468,Adah,Garfitt,agarfittcz@youtube.com,Genderqueer,38.196.199.180
469,Clemens,Nolin,cnolind0@github.io,Male,58.6.83.100
470,Lin,Maleney,lmaleneyd1@joomla.org,Male,132.130.48.234
471,Dorie,Petel,dpeteld2@comsenz.com,Male,186.213.143.190
472,Alard,Callway,acallwayd3@salon.com,Male,171.28.241.193
473,Irita,Spering,isperingd4@quantcast.com,Female,227.109.145.112
474,Lori,Belsher,lbelsherd5@scribd.com,Female,86.248.79.238
475,Jilly,Arnli,jarnlid6@state.tx.us,Female,101.21.187.143
476,Rolph,Cancelier,rcancelierd7@scientificamerican.com,Male,118.214.76.111
477,Dana,Gann,dgannd8@edublogs.org,Male,99.44.202.106
478,Mal,Blonfield,mblonfieldd9@comcast.net,Male,253.168.96.159
479,Ruddie,Cabera,rcaberada@facebook.com,Polygender,252.46.194.91
480,Ellary,Huey,ehueydb@instagram.com,Male,35.191.174.94
481,Patrick,Zaniolini,pzaniolinidc@friendfeed.com,Male,139.171.225.190
482,Brok,Robb,brobbdd@ask.com,Male,253.157.170.67
483,Dayna,Clendening,dclendeningde@auda.org.au,Female,224.115.169.51
484,Yulma,Ettritch,yettritchdf@homestead.com,Genderfluid,233.131.244.149
485,Dalenna,Gergus,dgergusdg@shareasale.com,Female,21.83.132.61
486,Anny,Meekins,ameekinsdh@howstuffworks.com,Female,171.12.225.134
487,Guillermo,Kynder,gkynderdi@goodreads.com,Male,205.143.184.58
488,Lita,Liddiatt,lliddiattdj@nhs.uk,Genderfluid,123.36.216.191
489,Kylie,Laminman,klaminmandk@pbs.org,Male,206.41.179.8
490,Crawford,Dugan,cdugandl@businessinsider.com,Male,101.192.92.87
491,Hartley,Tschirschky,htschirschkydm@purevolume.com,Male,143.213.83.84
492,Ambros,Atkin,aatkindn@arstechnica.com,Male,121.135.15.33
493,Lisa,Firbanks,lfirbanksdo@etsy.com,Female,212.213.66.94
494,Chicky,Elsop,celsopdp@cbslocal.com,Male,193.77.107.146
495,Bald,Halm,bhalmdq@google.co.jp,Male,101.186.117.197
496,Kennett,MacKaig,kmackaigdr@shutterfly.com,Male,154.195.56.33
497,Arlen,Fearnall,afearnallds@naver.com,Male,158.145.164.214
498,Rora,Attwill,rattwilldt@google.es,Female,232.186.40.50
499,Alice,Wessell,awesselldu@lycos.com,Female,105.246.49.16
500,Michaelina,Dominelli,mdominellidv@rakuten.co.jp,Female,7.103.246.121
501,Ailsun,de Aguirre,adeaguirredw@ucsd.edu,Female,0.178.150.87
502,Woodie,Yeardley,wyeardleydx@cmu.edu,Male,108.170.30.8
503,Elbert,Hunn,ehunndy@vistaprint.com,Male,175.148.210.203
504,Sam,Aireton,sairetondz@newsvine.com,Female,154.196.99.194
505,Felipa,Guiton,fguitone0@auda.org.au,Female,39.218.192.72
506,Joelynn,Andriuzzi,jandriuzzie1@geocities.jp,Female,120.84.90.47
507,Sloane,Oyley,soyleye2@blogspot.com,Male,124.247.242.176
508,Stearne,Tomei,stomeie3@cargocollective.com,Male,237.79.169.117
509,Ronnie,Blaxeland,rblaxelande4@vimeo.com,Female,109.101.198.5
510,Elbertina,Calvert,ecalverte5@google.cn,Female,69.118.30.169
511,Natala,Gipps,ngippse6@dot.gov,Female,46.136.155.254
512,Aurelie,Ishaki,aishakie7@ca.gov,Polygender,32.108.102.112
513,Saba,Petrussi,spetrussie8@ameblo.jp,Female,172.6.131.187
514,Stella,Tissington,stissingtone9@blinklist.com,Genderqueer,31.93.225.97
515,Talbot,Crampin,tcrampinea@omniture.com,Genderfluid,37.230.106.73
516,Sharyl,Ricson,sricsoneb@google.es,Female,31.128.53.169
517,Jorgan,Elmhirst,jelmhirstec@unc.edu,Male,27.207.150.183
518,Brandtr,Somerlie,bsomerlieed@theatlantic.com,Male,176.49.17.14
519,Brenden,Hrishanok,bhrishanokee@patch.com,Male,202.199.185.54
520,Tully,Sargeant,tsargeantef@umich.edu,Male,43.240.196.50
521,Ewan,Brookhouse,ebrookhouseeg@goo.ne.jp,Male,13.244.53.136
522,Brig,Rushe,brusheeh@unesco.org,Male,187.99.141.168
523,Ferris,Worvell,fworvellei@guardian.co.uk,Genderqueer,48.100.224.70
524,Seumas,Mirralls,smirrallsej@walmart.com,Male,0.236.29.38
525,Rowland,Hurrion,rhurrionek@cyberchimps.com,Male,99.17.227.76
526,Christy,Clemenzi,cclemenziel@reference.com,Female,167.78.63.83
527,Cassandry,Robiot,crobiotem@naver.com,Female,72.10.72.12
528,Gard,O'Shaughnessy,goshaughnessyen@home.pl,Male,233.75.153.151
529,Etienne,Cota,ecotaeo@who.int,Male,16.149.221.179
530,Quincey,Sex,qsexep@blinklist.com,Male,135.183.110.216
531,Willdon,Fewell,wfewelleq@hp.com,Male,254.206.35.102
532,Thorvald,Ferrarone,tferraroneer@mediafire.com,Male,218.118.5.82
533,Filip,Ducker,fduckeres@chronoengine.com,Male,201.119.56.177
534,Noni,Duggen,nduggenet@fotki.com,Bigender,49.200.61.10
535,Donaugh,Mongenot,dmongenoteu@php.net,Male,134.55.218.34
536,Christiano,Normavell,cnormavellev@behance.net,Male,216.91.125.233
537,Ricki,Trice,rtriceew@google.de,Male,255.25.191.24
538,Kare,Wynrahame,kwynrahameex@netvibes.com,Genderfluid,97.54.31.170
539,Inna,Witherow,iwitherowey@vimeo.com,Female,10.135.181.235
540,Skelly,Velasquez,svelasquezez@nature.com,Male,196.198.249.46
541,Jeffy,Begbie,jbegbief0@xrea.com,Male,209.166.133.4
542,Zaccaria,Netherwood,znetherwoodf1@wikipedia.org,Male,222.64.154.8
543,Monte,Pareman,mparemanf2@google.com.br,Genderqueer,152.247.24.129
544,Oran,Winslet,owinsletf3@upenn.edu,Male,128.121.141.17
545,Noel,Maliphant,nmaliphantf4@pinterest.com,Male,252.119.230.36
546,Red,Townson,rtownsonf5@ftc.gov,Male,14.215.51.220
547,Laraine,Kyberd,lkyberdf6@geocities.com,Female,198.31.55.247
548,Glenna,Frostdick,gfrostdickf7@tmall.com,Female,51.114.125.107
549,Gonzales,Arndtsen,garndtsenf8@bloomberg.com,Male,222.8.111.221
550,Cornelle,Alfonso,calfonsof9@csmonitor.com,Female,22.241.41.75
551,Janet,Cotterill,jcotterillfa@oakley.com,Female,114.160.195.80
552,Dov,Adams,dadamsfb@tripadvisor.com,Male,219.139.137.139
553,Porter,Stodit,pstoditfc@liveinternet.ru,Male,129.32.0.17
554,Lawry,Gowrie,lgowriefd@kickstarter.com,Male,166.137.80.61
555,Johann,Titford,jtitfordfe@newyorker.com,Male,6.45.26.74
556,Leela,Beddie,lbeddieff@reuters.com,Female,239.99.161.232
557,Mathilda,Dyche,mdychefg@trellian.com,Female,143.55.192.138
558,Valentijn,Tortice,vtorticefh@wikispaces.com,Male,226.141.218.12
559,Etti,De Ruggiero,ederuggierofi@angelfire.com,Female,145.18.84.195
560,Cally,Onele,conelefj@deviantart.com,Female,148.10.202.155
561,Odetta,Theze,othezefk@tumblr.com,Female,98.27.240.224
562,Kakalina,Cudbertson,kcudbertsonfl@cnet.com,Female,4.206.201.18
563,Kippar,MacHostie,kmachostiefm@mtv.com,Male,182.43.55.189
564,Harrison,Saldler,hsaldlerfn@cbslocal.com,Male,26.139.235.201
565,Craggie,Dabes,cdabesfo@columbia.edu,Male,123.215.56.104
566,Franky,Gant,fgantfp@drupal.org,Female,114.183.158.247
567,Donnajean,Durno,ddurnofq@cnn.com,Female,187.208.72.202
568,Cassius,Tuson,ctusonfr@wired.com,Male,87.192.108.56
569,Jacques,Hawney,jhawneyfs@tmall.com,Male,142.75.7.167
570,Derick,Fehner,dfehnerft@dedecms.com,Male,98.78.52.125
571,Florette,Gallety,fgalletyfu@telegraph.co.uk,Female,10.221.66.170
572,Jaquenetta,Skinn,jskinnfv@odnoklassniki.ru,Female,33.224.192.143
573,Cletis,Bisp,cbispfw@sfgate.com,Male,12.75.36.121
574,Cchaddie,Bransgrove,cbransgrovefx@netvibes.com,Male,236.53.231.41
575,Darnell,Jolin,djolinfy@scientificamerican.com,Male,124.117.199.0
576,Hendrik,Ollington,hollingtonfz@barnesandnoble.com,Male,179.248.250.54
577,Eugene,Baggiani,ebaggianig0@discuz.net,Male,17.77.10.83
578,Selia,Plaster,splasterg1@alexa.com,Female,249.20.162.17
579,Amalie,Pykerman,apykermang2@webs.com,Female,147.186.28.182
580,Jerrine,Winnett,jwinnettg3@merriam-webster.com,Agender,194.148.149.90
581,Christian,Sloyan,csloyang4@ebay.com,Male,249.221.200.148
582,Casie,Waterfall,cwaterfallg5@cdbaby.com,Bigender,46.166.124.96
583,Pia,Parcall,pparcallg6@miitbeian.gov.cn,Female,92.21.97.123
584,Merrick,McKinna,mmckinnag7@nasa.gov,Agender,56.249.196.1
585,Danice,Eyton,deytong8@usnews.com,Female,209.183.145.170
586,Herold,Mawson,hmawsong9@home.pl,Male,146.150.245.121
587,Tiena,Russi,trussiga@bbc.co.uk,Bigender,114.152.253.151
588,Lenee,Merveille,lmerveillegb@statcounter.com,Genderqueer,111.90.56.253
589,Moyna,Marians,mmariansgc@yellowbook.com,Female,99.117.96.80
590,Cad,Veltmann,cveltmanngd@accuweather.com,Male,62.227.54.205
591,Emalee,Anmore,eanmorege@diigo.com,Female,34.247.141.129
592,Aldrich,Prahl,aprahlgf@wiley.com,Male,81.34.243.246
593,Dalton,Morando,dmorandogg@bbb.org,Male,142.102.147.147
594,Linea,Tschirasche,ltschiraschegh@unblog.fr,Female,207.168.249.169
595,Reade,Swannie,rswanniegi@yolasite.com,Male,204.58.34.202
596,Hasheem,Winram,hwinramgj@icio.us,Male,39.15.214.204
597,Carena,Markwell,cmarkwellgk@toplist.cz,Female,250.56.241.117
598,Alis,Oulett,aoulettgl@smugmug.com,Female,65.218.231.35
599,Aube,Huckin,ahuckingm@geocities.jp,Male,161.167.230.91
600,Michael,Billany,mbillanygn@webnode.com,Male,250.176.252.35
601,Gussy,Alexsandrovich,galexsandrovichgo@mlb.com,Female,94.10.175.118
602,Maureen,Hadeke,mhadekegp@g.co,Female,237.169.244.254
603,Roda,Corson,rcorsongq@weibo.com,Female,86.81.83.103
604,Reyna,Dabney,rdabneygr@edublogs.org,Female,69.133.44.35
605,Kyle,Batterson,kbattersongs@cloudflare.com,Female,25.204.1.245
606,Luciano,Guidetti,lguidettigt@google.com.au,Non-binary,157.167.159.97
607,Blanca,Mulliner,bmullinergu@wikipedia.org,Female,162.86.204.183
608,Kelci,Babington,kbabingtongv@webmd.com,Polygender,163.152.100.28
609,Ainslie,Jerrams,ajerramsgw@skype.com,Female,182.149.109.113
610,Casie,Drains,cdrainsgx@microsoft.com,Female,115.224.20.178
611,Price,Strangward,pstrangwardgy@last.fm,Male,181.80.169.222
612,Ginny,Wane,gwanegz@chron.com,Female,240.123.152.142
613,Guilbert,Screwton,gscrewtonh0@webs.com,Male,174.52.171.139
614,Fax,Greatrakes,fgreatrakesh1@vistaprint.com,Male,214.6.0.214
615,Darlleen,Cryer,dcryerh2@qq.com,Female,241.60.213.177
616,Benjamen,Lyfe,blyfeh3@gravatar.com,Male,4.217.221.41
617,Jackquelin,Alliberton,jallibertonh4@amazon.com,Female,13.48.132.224
618,Amble,Frisby,afrisbyh5@gizmodo.com,Male,194.95.239.214
619,Andrew,McDonald,amcdonaldh6@discovery.com,Male,229.253.228.92
620,Blaine,Killock,bkillockh7@php.net,Male,144.5.247.170
621,Myriam,Longley,mlongleyh8@unc.edu,Female,5.52.68.241
622,Agretha,Washtell,awashtellh9@msu.edu,Female,29.9.137.54
623,Wanids,Saint,wsaintha@aboutads.info,Female,39.195.82.233
624,Carole,Irvin,cirvinhb@nasa.gov,Female,130.11.155.125
625,Ollie,Blunsom,oblunsomhc@google.com.au,Female,75.163.202.183
626,Briana,Bruford,bbrufordhd@tuttocitta.it,Female,120.132.158.140
627,Elvin,Starbucke,estarbuckehe@techcrunch.com,Male,206.52.23.29
628,Aigneis,Flecknell,aflecknellhf@apple.com,Female,149.160.137.25
629,Dagmar,L'Hommee,dlhommeehg@mozilla.org,Non-binary,76.90.182.75
630,Ursala,Brabender,ubrabenderhh@nature.com,Female,247.199.189.180
631,Tiff,Colson,tcolsonhi@nhs.uk,Female,128.204.221.42
632,Booth,Laidel,blaidelhj@cnet.com,Male,147.10.73.155
633,Erhard,Owen,eowenhk@go.com,Male,165.64.104.100
634,Valdemar,Crux,vcruxhl@angelfire.com,Male,232.149.90.75
635,Symon,Eaglestone,seaglestonehm@house.gov,Male,27.106.218.136
636,Cilka,Blackley,cblackleyhn@google.cn,Female,110.14.59.135
637,Bonita,Burnitt,bburnittho@furl.net,Female,133.20.95.14
638,Francisco,Mulmuray,fmulmurayhp@chron.com,Male,48.154.71.27
639,Florian,Scarlett,fscarletthq@usda.gov,Male,15.189.40.139
640,Aksel,Bolver,abolverhr@amazon.de,Male,99.79.144.86
641,Whit,Maden,wmadenhs@nifty.com,Male,219.58.45.86
642,Davin,Cadore,dcadoreht@prweb.com,Male,127.9.76.203
643,Katleen,Giraudel,kgiraudelhu@epa.gov,Female,249.95.50.51
644,Huey,Habershon,hhabershonhv@domainmarket.com,Male,8.39.63.108
645,Gaultiero,McCurlye,gmccurlyehw@parallels.com,Male,173.28.18.114
646,Beth,Elderbrant,belderbranthx@desdev.cn,Female,83.84.60.230
647,Veda,Bucknill,vbucknillhy@slate.com,Agender,140.136.137.116
648,Margarita,Glennon,mglennonhz@berkeley.edu,Female,65.11.0.35
649,Zita,Trelease,ztreleasei0@utexas.edu,Female,153.198.46.213
650,Paula,Ridoutt,pridoutti1@w3.org,Female,172.16.34.239
651,Kamillah,Karpeev,kkarpeevi2@hibu.com,Female,253.107.241.184
652,Ban,Attride,battridei3@cmu.edu,Male,23.51.49.10
653,Jasen,Beharrell,jbeharrelli4@alibaba.com,Male,36.80.149.83
654,Philomena,Goodship,pgoodshipi5@ezinearticles.com,Female,138.74.71.157
655,Cletus,Sprull,csprulli6@nymag.com,Male,2.156.180.96
656,Zeb,Gotter,zgotteri7@github.com,Male,55.163.158.127
657,Catherina,Dugdale,cdugdalei8@gmpg.org,Female,92.127.104.222
658,Mayne,Gribble,mgribblei9@kickstarter.com,Male,68.176.78.169
659,Karlis,Martinuzzi,kmartinuzziia@redcross.org,Male,144.1.151.77
660,Edouard,Greenstead,egreensteadib@boston.com,Male,242.244.231.235
661,Pacorro,Nana,pnanaic@liveinternet.ru,Male,8.92.124.112
662,Jeddy,Davidoff,jdavidoffid@google.com.au,Male,19.194.178.99
663,Christyna,Bartolomeoni,cbartolomeoniie@mozilla.org,Female,244.192.23.240
664,Cairistiona,Burgoin,cburgoinif@unesco.org,Female,248.26.172.33
665,Arlie,Skeldon,askeldonig@smugmug.com,Female,38.143.152.140
666,Zenia,Mouland,zmoulandih@wunderground.com,Female,149.74.63.131
667,Jodi,Konrad,jkonradii@kickstarter.com,Female,72.149.31.112
668,Wendeline,Rubrow,wrubrowij@jigsy.com,Female,183.182.224.32
669,Ruthi,Scintsbury,rscintsburyik@ehow.com,Female,72.19.0.111
670,Kermy,Musgrave,kmusgraveil@google.it,Male,176.83.41.69
671,Herschel,Scawen,hscawenim@nbcnews.com,Male,47.117.44.153
672,Mariette,Cobbe,mcobbein@amazon.com,Female,178.135.152.226
673,Babbie,Lamburn,blamburnio@unesco.org,Female,61.11.252.176
674,Desmond,Layne,dlayneip@discuz.net,Male,33.7.6.8
675,Clay,Gepp,cgeppiq@howstuffworks.com,Male,72.31.80.131
676,Vida,Ebdon,vebdonir@umich.edu,Female,45.249.115.24
677,Wade,Woodyer,wwoodyeris@ycombinator.com,Male,30.179.49.4
678,Tera,Dryden,tdrydenit@miitbeian.gov.cn,Female,16.93.243.255
679,Lefty,Haskey,lhaskeyiu@state.tx.us,Male,177.85.156.7
680,Janie,Simeoli,jsimeoliiv@shutterfly.com,Polygender,200.132.250.44
681,Fielding,Bembridge,fbembridgeiw@geocities.com,Male,232.143.176.189
682,Tammie,Antoons,tantoonsix@nydailynews.com,Male,164.201.45.223
683,Gerta,Readwin,greadwiniy@example.com,Female,165.230.9.76
684,Alick,Padilla,apadillaiz@paginegialle.it,Male,227.75.103.237
685,Mar,Menat,mmenatj0@tinyurl.com,Male,254.84.95.242
686,Augie,Sponder,asponderj1@theglobeandmail.com,Male,244.78.178.225
687,Tally,Fealey,tfealeyj2@linkedin.com,Male,225.116.192.191
688,Sula,Truin,struinj3@blogspot.com,Female,48.31.243.95
689,Glenden,Kernoghan,gkernoghanj4@amazon.com,Male,82.246.244.77
690,Fannie,Ragg,fraggj5@yolasite.com,Bigender,37.35.85.40
691,Geraldine,Stert,gstertj6@npr.org,Female,31.135.98.183
692,Nonah,Buckel,nbuckelj7@tamu.edu,Female,178.80.27.27
693,Berrie,Ferrillo,bferrilloj8@weebly.com,Agender,64.13.201.131
694,Joellyn,Batey,jbateyj9@state.gov,Female,7.42.29.123
695,Brewer,Stedell,bstedellja@comsenz.com,Male,59.31.197.150
696,Curt,Hollingdale,chollingdalejb@cmu.edu,Male,123.195.225.134
697,Inness,Wandrich,iwandrichjc@guardian.co.uk,Male,37.8.103.60
698,Bradney,Owen,bowenjd@angelfire.com,Male,244.111.26.215
699,Fayina,Drews,fdrewsje@woothemes.com,Female,53.63.167.202
700,Schuyler,Radish,sradishjf@mozilla.com,Non-binary,207.160.86.184
701,Waverley,Metzel,wmetzeljg@qq.com,Male,157.100.36.106
702,Mariya,Herculson,mherculsonjh@1688.com,Female,118.27.21.184
703,Celestyna,Reasce,creasceji@digg.com,Female,53.33.233.27
704,Elmer,Nardrup,enardrupjj@cbslocal.com,Male,216.152.58.194
705,Marci,Oak,moakjk@edublogs.org,Female,7.67.32.164
706,Shae,Kitson,skitsonjl@theguardian.com,Male,20.93.247.75
707,Euell,Muston,emustonjm@nationalgeographic.com,Male,89.53.38.158
708,Loria,Bellon,lbellonjn@gizmodo.com,Female,30.134.217.55
709,Courtney,Treffrey,ctreffreyjo@nasa.gov,Male,165.142.130.6
710,Dorotea,Giacomo,dgiacomojp@washingtonpost.com,Female,107.5.36.19
711,Rickard,Curzey,rcurzeyjq@intel.com,Male,199.245.46.72
712,Martainn,Ravelus,mravelusjr@loc.gov,Male,230.26.69.92
713,Roxane,Rolse,rrolsejs@sfgate.com,Female,146.211.23.175
714,Jillene,Bagby,jbagbyjt@w3.org,Female,84.73.238.213
715,Aron,Reddick,areddickju@privacy.gov.au,Male,20.93.69.182
716,Betty,Gilder,bgilderjv@harvard.edu,Female,115.68.153.177
717,Maridel,Nazair,mnazairjw@people.com.cn,Female,81.108.41.157
718,Nelia,Robuchon,nrobuchonjx@furl.net,Female,10.10.43.152
719,Nan,Champagne,nchampagnejy@cbslocal.com,Female,230.136.33.46
720,Willyt,Woolfitt,wwoolfittjz@businesswire.com,Female,163.228.136.232
721,Tobie,Falconer-Taylor,tfalconertaylork0@google.co.uk,Male,240.243.238.56
722,Leland,Koch,lkochk1@theglobeandmail.com,Female,33.122.152.97
723,Abbey,Falloon,afalloonk2@cdc.gov,Female,164.248.70.217
724,Collin,Poupard,cpoupardk3@cargocollective.com,Male,73.158.151.131
725,Ardeen,Cuolahan,acuolahank4@craigslist.org,Female,115.153.90.14
726,Harley,Ralling,hrallingk5@liveinternet.ru,Male,236.242.244.16
727,Lynett,Carleman,lcarlemank6@home.pl,Female,6.187.138.56
728,Penn,Jenkerson,pjenkersonk7@go.com,Male,42.73.30.113
729,Ginelle,Mawd,gmawdk8@deviantart.com,Female,219.221.219.107
730,Alphonse,Blue,abluek9@eepurl.com,Male,183.81.170.2
731,Jean,Medler,jmedlerka@list-manage.com,Female,84.32.21.181
732,Trudie,Bromont,tbromontkb@apache.org,Female,3.66.36.89
733,Karlie,Gianotti,kgianottikc@bizjournals.com,Female,25.16.246.128
734,Harriett,Lydiard,hlydiardkd@vkontakte.ru,Female,132.178.132.8
735,Cordy,Rollo,crolloke@unicef.org,Male,111.82.156.54
736,Jody,Hunnybun,jhunnybunkf@webnode.com,Male,159.154.202.229
737,Riki,Wackley,rwackleykg@twitter.com,Female,241.213.58.11
738,Charis,Ferdinand,cferdinandkh@unicef.org,Female,69.177.41.244
739,Damian,Spadazzi,dspadazziki@blogspot.com,Male,149.182.164.183
740,Atalanta,Woof,awoofkj@icq.com,Female,200.85.189.121
741,Evelina,Bonsey,ebonseykk@rakuten.co.jp,Female,100.20.14.82
742,Standford,Bridson,sbridsonkl@ucsd.edu,Male,163.194.60.193
743,Elva,Prosek,eprosekkm@pinterest.com,Female,41.33.74.133
744,Chevalier,Arpe,carpekn@instagram.com,Male,185.27.143.21
745,Aidan,Orleton,aorletonko@multiply.com,Female,199.140.118.178
746,Jannel,Bastide,jbastidekp@dyndns.org,Female,213.159.231.186
747,Jo,Gerrelts,jgerreltskq@bloomberg.com,Female,14.8.129.1
748,Rabbi,Bezants,rbezantskr@posterous.com,Male,127.106.138.237
749,Bud,Wichard,bwichardks@va.gov,Male,206.97.175.24
750,Cosmo,Izkovitz,cizkovitzkt@weebly.com,Male,95.77.254.202
751,Lacy,Van Der Weedenburg,lvanderweedenburgku@jiathis.com,Female,13.203.19.10
752,Regine,Redan,rredankv@ehow.com,Female,164.81.73.238
753,Blaine,Broadhead,bbroadheadkw@devhub.com,Male,143.209.226.224
754,Udale,Fairest,ufairestkx@lulu.com,Male,69.3.83.17
755,Ara,Cornuau,acornuauky@friendfeed.com,Female,162.5.180.160
756,Lenette,Munsey,lmunseykz@stanford.edu,Female,206.229.9.175
757,Putnem,Hunnybun,phunnybunl0@creativecommons.org,Male,180.39.218.210
758,Marietta,Bere,mberel1@ning.com,Female,153.140.45.110
759,Abbie,Fawthrop,afawthropl2@apache.org,Female,93.149.205.94
760,Rinaldo,Brundell,rbrundelll3@cyberchimps.com,Male,98.120.130.80
761,Ashla,Jira,ajiral4@imageshack.us,Female,172.252.18.253
762,Jermain,Golborn,jgolbornl5@google.fr,Male,9.19.200.82
763,Rafa,Blakiston,rblakistonl6@apple.com,Female,101.120.113.108
764,Cathlene,Cattellion,ccattellionl7@youtu.be,Female,226.253.0.32
765,Ximenez,MacCumeskey,xmaccumeskeyl8@flickr.com,Male,124.228.71.37
766,Fidole,Surgood,fsurgoodl9@paginegialle.it,Male,59.115.66.33
767,Kayley,Haynesford,khaynesfordla@gnu.org,Female,234.78.60.31
768,Vance,Villiers,vvillierslb@over-blog.com,Male,139.6.210.115
769,Nonna,Ismail,nismaillc@ezinearticles.com,Female,235.50.134.203
770,Hakeem,Ketchell,hketchellld@gizmodo.com,Male,191.239.138.207
771,Krystalle,Klamman,kklammanle@biblegateway.com,Female,84.200.44.113
772,Carree,Halahan,chalahanlf@etsy.com,Female,123.97.6.175
773,Abbot,Ortner,aortnerlg@hexun.com,Male,4.119.146.127
774,Benedicta,Moylane,bmoylanelh@usnews.com,Bigender,170.225.228.213
775,Perrine,Orton,portonli@blogspot.com,Female,157.83.69.166
776,Layne,Trebilcock,ltrebilcocklj@google.es,Female,12.59.163.156
777,Kary,Mordin,kmordinlk@drupal.org,Bigender,119.65.173.252
778,Skipton,Casey,scaseyll@chronoengine.com,Male,180.183.112.88
779,Gwynne,Woodcock,gwoodcocklm@last.fm,Female,165.211.220.32
780,Kinnie,Parke,kparkeln@weibo.com,Male,163.127.174.35
781,Marquita,O'Loughnan,moloughnanlo@ca.gov,Female,232.137.125.156
782,Clerkclaude,O'Mohun,comohunlp@amazon.co.uk,Male,234.97.163.246
783,Hugues,Jonuzi,hjonuzilq@hugedomains.com,Male,159.223.198.100
784,Maurizio,Luca,mlucalr@histats.com,Male,238.217.233.231
785,Lauren,D'Adda,ldaddals@artisteer.com,Male,227.97.15.55
786,Fernanda,Craighead,fcraigheadlt@cnbc.com,Female,205.9.232.1
787,Pearl,Lune,plunelu@issuu.com,Female,77.70.136.86
788,Jereme,Haylor,jhaylorlv@jalbum.net,Male,116.150.209.218
789,Ewen,Sparrowe,esparrowelw@bandcamp.com,Male,161.65.197.28
790,Dee dee,Pluthero,dplutherolx@blog.com,Female,23.24.232.70
791,Tresa,Malone,tmalonely@foxnews.com,Female,32.47.20.164
792,Garwin,Newbigging,gnewbigginglz@cam.ac.uk,Male,249.183.99.74
793,Sheila-kathryn,Gligori,sgligorim0@odnoklassniki.ru,Female,246.233.55.115
794,Opal,Kinforth,okinforthm1@aboutads.info,Female,0.49.135.186
795,Pierce,De Lacey,pdelaceym2@xing.com,Male,120.179.184.0
796,Theo,Skaif,tskaifm3@topsy.com,Male,25.120.48.185
797,Shepard,Shallow,sshallowm4@oakley.com,Polygender,162.1.9.179
798,Doris,Lambdon,dlambdonm5@cnn.com,Female,180.168.25.78
799,Zachary,Van Halle,zvanhallem6@rediff.com,Male,225.17.172.41
800,Dredi,Pavek,dpavekm7@desdev.cn,Female,174.135.63.21
801,Camile,Yanne,cyannem8@rambler.ru,Female,16.27.109.153
802,Lavinie,Bosket,lbosketm9@newyorker.com,Female,85.115.220.29
803,Ravid,Iveans,riveansma@freewebs.com,Polygender,33.133.155.158
804,Gaston,Thiese,gthiesemb@google.nl,Male,130.255.156.115
805,Anselma,Bretelle,abretellemc@blog.com,Female,55.25.240.158
806,Uri,Filyaev,ufilyaevmd@mapy.cz,Male,70.91.120.108
807,Kevyn,Jenckes,kjenckesme@tripadvisor.com,Female,183.118.152.53
808,Tabbie,Ambrogelli,tambrogellimf@hugedomains.com,Male,146.31.146.205
809,Tootsie,Warlton,twarltonmg@wikimedia.org,Polygender,40.184.73.94
810,Natalya,Bayns,nbaynsmh@plala.or.jp,Female,179.191.52.115
811,Stanislas,Fould,sfouldmi@amazon.de,Male,190.34.18.73
812,Toiboid,Jest,tjestmj@xing.com,Non-binary,222.10.246.78
813,Elia,Somerville,esomervillemk@mapquest.com,Male,138.219.103.1
814,Ellen,Crouch,ecrouchml@pbs.org,Genderfluid,6.148.45.7
815,Winston,Quiddington,wquiddingtonmm@washington.edu,Male,6.39.194.214
816,Kermy,Peegrem,kpeegremmn@latimes.com,Male,211.143.159.56
817,Catarina,Etter,cettermo@tumblr.com,Female,154.42.19.32
818,Chevalier,Farnsworth,cfarnsworthmp@hibu.com,Male,178.69.53.78
819,Giulia,Skerrett,gskerrettmq@youtu.be,Female,65.11.51.22
820,Clim,Seel,cseelmr@de.vu,Male,132.245.223.59
821,Terry,Bambridge,tbambridgems@google.ca,Male,242.76.51.87
822,Ailey,Topling,atoplingmt@imageshack.us,Female,116.10.183.226
823,Christie,Hardwick,chardwickmu@twitter.com,Male,212.209.223.167
824,Scot,Chree,schreemv@alibaba.com,Male,155.59.165.199
825,Parke,Doram,pdorammw@alibaba.com,Male,167.144.154.210
826,Sonja,Fakes,sfakesmx@gov.uk,Female,41.189.240.94
827,Wendi,Pettitt,wpettittmy@state.tx.us,Female,81.69.208.182
828,Delcina,Hellin,dhellinmz@technorati.com,Female,163.144.193.232
829,Jessalin,Playford,jplayfordn0@bluehost.com,Female,62.132.75.16
830,Meredith,Boag,mboagn1@flavors.me,Male,62.202.86.80
831,Kirstyn,Longford,klongfordn2@un.org,Genderfluid,222.76.57.26
832,Matty,Bloss,mblossn3@marriott.com,Female,17.184.191.125
833,Wynn,Watting,wwattingn4@weibo.com,Female,67.126.126.137
834,Davie,Knipe,dknipen5@yolasite.com,Male,118.248.198.118
835,Luis,Dewicke,ldewicken6@bbc.co.uk,Genderqueer,196.183.182.111
836,Konstantine,Jakab,kjakabn7@sbwire.com,Male,35.253.19.144
837,Johnathon,Fulle,jfullen8@dell.com,Male,163.207.190.209
838,Farrand,Bernholt,fbernholtn9@sitemeter.com,Female,22.207.254.238
839,Brad,Butterwick,bbutterwickna@wsj.com,Male,29.165.183.79
840,Lucias,MacGruer,lmacgruernb@theatlantic.com,Male,79.21.133.45
841,Kalil,Moylan,kmoylannc@yolasite.com,Male,235.79.166.96
842,Holly-anne,Monksfield,hmonksfieldnd@weibo.com,Female,7.220.90.226
843,Jacky,Okenden,jokendenne@mozilla.com,Female,56.114.5.255
844,Kellby,Cristofol,kcristofolnf@usa.gov,Male,134.73.59.75
845,Corri,Champley,cchampleyng@gizmodo.com,Agender,137.20.183.60
846,Rube,Tremmel,rtremmelnh@cmu.edu,Male,175.254.50.169
847,Dominique,Tropman,dtropmanni@narod.ru,Female,150.126.22.56
848,Royce,McTeggart,rmcteggartnj@qq.com,Male,87.87.39.223
849,Portia,Cafferky,pcafferkynk@cloudflare.com,Female,24.146.125.181
850,Jenelle,Cheston,jchestonnl@dion.ne.jp,Female,88.90.103.215
851,Davon,Stanlake,dstanlakenm@vkontakte.ru,Male,192.122.54.179
852,Kelbee,Forsyde,kforsydenn@constantcontact.com,Male,36.99.3.83
853,Clem,Trusler,ctruslerno@goodreads.com,Male,3.155.194.67
854,Leese,Peebles,lpeeblesnp@ow.ly,Female,55.244.53.105
855,Mort,Whyatt,mwhyattnq@ca.gov,Male,35.90.41.130
856,Lynn,Lattimore,llattimorenr@infoseek.co.jp,Male,75.227.245.106
857,Audra,Rockcliffe,arockcliffens@apache.org,Agender,84.235.202.197
858,Gerek,Trusler,gtruslernt@stumbleupon.com,Male,207.55.78.3
859,Sheelah,Bartocci,sbartoccinu@mashable.com,Female,196.229.190.170
860,Milton,Bunston,mbunstonnv@army.mil,Male,104.220.224.79
861,Seth,Trenoweth,strenowethnw@fc2.com,Male,79.158.123.0
862,Mordy,Merrydew,mmerrydewnx@i2i.jp,Male,199.28.103.184
863,Neala,Hurche,nhurcheny@cdc.gov,Female,150.172.85.139
864,Sylvan,Bantham,sbanthamnz@irs.gov,Male,229.164.83.203
865,Gennie,Romushkin,gromushkino0@ft.com,Female,174.98.203.117
866,Verge,Lantuffe,vlantuffeo1@naver.com,Male,164.37.231.109
867,Dodie,Twigge,dtwiggeo2@nih.gov,Female,74.47.56.246
868,Abagail,Biernacki,abiernackio3@ehow.com,Female,234.17.49.136
869,Bronson,Weller,bwellero4@photobucket.com,Male,173.209.212.140
870,Christen,Durran,cdurrano5@gmpg.org,Female,141.126.187.36
871,Clarence,Giacomo,cgiacomoo6@xrea.com,Non-binary,243.114.46.70
872,Em,Leveritt,eleveritto7@sfgate.com,Male,105.104.205.93
873,Chalmers,Saltmarshe,csaltmarsheo8@cyberchimps.com,Male,44.167.215.184
874,Hattie,Wrintmore,hwrintmoreo9@wsj.com,Female,222.150.213.92
875,Ketti,Gudgin,kgudginoa@hao123.com,Non-binary,161.194.106.187
876,Lind,Latour,llatourob@hp.com,Female,211.109.82.92
877,Kassi,Gilfether,kgilfetheroc@google.co.uk,Genderfluid,159.233.129.120
878,Eugine,Neathway,eneathwayod@yelp.com,Female,61.21.124.223
879,Renard,Joysey,rjoyseyoe@wp.com,Male,210.72.52.17
880,Cody,Ackery,cackeryof@barnesandnoble.com,Female,119.85.27.33
881,Moshe,Aire,maireog@blinklist.com,Male,63.251.131.221
882,Antonius,Molnar,amolnaroh@google.ru,Male,16.60.161.222
883,Tabatha,McKeggie,tmckeggieoi@hexun.com,Female,122.90.73.71
884,Sonya,Morrad,smorradoj@mashable.com,Female,229.41.118.246
885,Salem,Sirmon,ssirmonok@g.co,Male,50.215.206.55
886,Sue,Harfoot,sharfootol@last.fm,Female,246.125.125.78
887,Kath,Pothergill,kpothergillom@indiatimes.com,Female,82.3.125.55
888,Maxy,Trippick,mtrippickon@moonfruit.com,Male,181.170.240.113
889,Maximilian,Vivyan,mvivyanoo@multiply.com,Male,8.7.37.6
890,Hasty,Poinsett,hpoinsettop@yahoo.com,Male,90.51.84.168
891,Eddie,Inglish,einglishoq@com.com,Polygender,200.208.225.115
892,Amabelle,Pescott,apescottor@storify.com,Female,213.110.48.202
893,Guillaume,Titchen,gtitchenos@moonfruit.com,Male,253.110.29.125
894,Woodie,Thompkins,wthompkinsot@ocn.ne.jp,Male,25.91.101.182
895,Averil,Anniwell,aanniwellou@vinaora.com,Female,88.204.207.93
896,Inger,Eddisforth,ieddisforthov@wordpress.org,Male,124.132.171.28
897,Oralie,Poser,oposerow@free.fr,Female,171.76.121.116
898,Bartholemy,Kluge,bklugeox@vinaora.com,Male,98.167.85.161
899,Leanora,Hocking,lhockingoy@topsy.com,Female,233.145.196.230
900,Jammie,Fley,jfleyoz@cbsnews.com,Female,62.192.177.150
901,Claudio,Acory,cacoryp0@illinois.edu,Male,139.122.224.165
902,Obadias,Aggio,oaggiop1@behance.net,Male,179.37.28.243
903,Danie,Klimentyonok,dklimentyonokp2@exblog.jp,Male,44.50.88.9
904,Arlena,Covolini,acovolinip3@economist.com,Polygender,62.5.61.83
905,Chelsea,Middlehurst,cmiddlehurstp4@google.de,Female,10.115.130.197
906,Bren,Hadlow,bhadlowp5@reverbnation.com,Male,22.200.18.144
907,Bartholemy,Lavigne,blavignep6@flavors.me,Male,12.27.67.76
908,Merrick,Crufts,mcruftsp7@networkadvertising.org,Male,58.169.134.198
909,Dur,Pietranek,dpietranekp8@nih.gov,Male,151.218.34.200
910,Clementine,Shard,cshardp9@apache.org,Female,244.118.143.201
911,Engelbert,Classen,eclassenpa@soundcloud.com,Male,228.32.127.197
912,Valentina,Gabbitis,vgabbitispb@ed.gov,Female,238.157.123.155
913,Towney,Studart,tstudartpc@ca.gov,Male,187.198.60.72
914,Angelique,Reeds,areedspd@webnode.com,Female,249.227.72.48
915,Lemmy,Beesley,lbeesleype@example.com,Male,184.133.102.146
916,Trefor,Staddom,tstaddompf@twitpic.com,Male,195.80.117.202
917,Estelle,Passo,epassopg@ow.ly,Female,152.62.39.136
918,Vanda,Schwandt,vschwandtph@howstuffworks.com,Female,158.247.197.59
919,Evelin,Waldie,ewaldiepi@stumbleupon.com,Male,172.2.222.197
920,Roxanna,Nolder,rnolderpj@mac.com,Female,165.229.254.255
921,Sheri,Shillitto,sshillittopk@dmoz.org,Female,55.107.70.198
922,Maryanne,Gummory,mgummorypl@t-online.de,Female,151.130.100.216
923,Paolo,Orfeur,porfeurpm@w3.org,Polygender,147.225.248.81
924,Goddart,Rickert,grickertpn@businessweek.com,Male,144.188.159.117
925,Rick,Shilburne,rshilburnepo@toplist.cz,Male,233.155.181.92
926,Hertha,Mander,hmanderpp@google.es,Female,11.45.102.154
927,Harbert,Sherwen,hsherwenpq@creativecommons.org,Male,214.202.55.248
928,Reine,Langley,rlangleypr@shutterfly.com,Female,129.23.172.54
929,Marsha,Fitchew,mfitchewps@unc.edu,Female,248.201.126.131
930,Jermaine,Dahl,jdahlpt@fema.gov,Female,217.122.25.167
931,Minni,Mutimer,mmutimerpu@moonfruit.com,Female,111.111.77.118
932,Bernita,Miranda,bmirandapv@mapy.cz,Female,228.27.138.79
933,Claire,Henbury,chenburypw@wikia.com,Male,47.150.170.186
934,Patrizia,Pattie,ppattiepx@paginegialle.it,Female,6.23.98.34
935,Calv,Autry,cautrypy@merriam-webster.com,Male,28.138.241.38
936,Mariann,McInnery,mmcinnerypz@mlb.com,Female,78.125.110.72
937,Nata,Rother,nrotherq0@disqus.com,Female,29.120.153.64
938,Con,Huggens,chuggensq1@arizona.edu,Male,203.65.87.171
939,Ginni,Collie,gcollieq2@dmoz.org,Female,78.194.156.30
940,Far,Alcorn,falcornq3@booking.com,Male,5.68.162.32
941,Cyrille,Mableson,cmablesonq4@jiathis.com,Male,184.233.4.253
942,Nicolea,Cucinotta,ncucinottaq5@paypal.com,Female,83.153.134.146
943,Xerxes,Asel,xaselq6@sakura.ne.jp,Male,193.87.15.85
944,Wendeline,Ullock,wullockq7@prlog.org,Female,72.45.200.10
945,Jerrine,Joinsey,jjoinseyq8@exblog.jp,Female,190.206.14.24
946,Idette,McEwan,imcewanq9@fema.gov,Female,140.156.113.128
947,Donetta,Kamall,dkamallqa@ehow.com,Non-binary,100.63.28.169
948,Westbrook,Harvie,wharvieqb@hostgator.com,Male,200.223.185.102
949,Gerri,Seares,gsearesqc@lulu.com,Male,76.187.153.13
950,Hayley,Ewbanck,hewbanckqd@about.com,Female,236.121.9.234
951,Casey,Windram,cwindramqe@weebly.com,Bigender,17.8.116.146
952,Buiron,Siviter,bsiviterqf@bloglovin.com,Male,90.206.130.200
953,Bentley,Perrot,bperrotqg@sciencedirect.com,Male,180.142.242.180
954,Foss,Eddowes,feddowesqh@japanpost.jp,Genderfluid,65.40.117.103
955,Conrado,Klyner,cklynerqi@marriott.com,Male,215.86.244.111
956,Shellie,Scola,sscolaqj@deviantart.com,Female,188.87.161.130
957,Ewart,Haller,ehallerqk@cargocollective.com,Agender,120.118.155.34
958,Lammond,Koppeck,lkoppeckql@webeden.co.uk,Male,30.182.38.20
959,Lorrin,Gretton,lgrettonqm@hao123.com,Female,37.36.160.186
960,Lynette,Shephard,lshephardqn@globo.com,Female,171.177.254.75
961,Ash,Bradnum,abradnumqo@scribd.com,Male,183.17.198.121
962,Loella,Alecock,lalecockqp@behance.net,Female,39.147.36.163
963,Kitti,Crampsy,kcrampsyqq@gmpg.org,Female,26.114.236.202
964,Fred,Weatherhead,fweatherheadqr@oakley.com,Male,182.65.223.245
965,Brandea,Chancelier,bchancelierqs@usatoday.com,Female,243.16.222.4
966,Dario,Pirrey,dpirreyqt@icio.us,Male,109.167.59.68
967,Sue,Myrick,smyrickqu@merriam-webster.com,Female,109.242.251.147
968,Trixi,Holyard,tholyardqv@state.tx.us,Female,167.212.67.43
969,Ingamar,Boulter,iboulterqw@cisco.com,Male,24.216.236.227
970,Skippie,Renison,srenisonqx@usa.gov,Bigender,20.77.159.229
971,May,Disley,mdisleyqy@msn.com,Female,176.22.140.1
972,Gaile,Hartil,ghartilqz@elegantthemes.com,Male,216.121.77.112
973,Meridel,Goldman,mgoldmanr0@1und1.de,Female,110.129.57.101
974,Miranda,Bruhn,mbruhnr1@ucsd.edu,Female,56.92.211.89
975,Austin,Lorenzin,alorenzinr2@phoca.cz,Female,160.54.176.210
976,Justis,Johnys,jjohnysr3@themeforest.net,Male,52.39.191.235
977,Gabi,Sopp,gsoppr4@tripadvisor.com,Female,95.198.222.96
978,Vanny,Sterley,vsterleyr5@bloglines.com,Female,34.200.1.2
979,Rube,Hakewell,rhakewellr6@mlb.com,Male,45.181.75.216
980,Lindsy,Merriott,lmerriottr7@utexas.edu,Polygender,191.19.11.209
981,Dar,Spence,dspencer8@noaa.gov,Male,8.176.22.20
982,Clary,Domenichelli,cdomenichellir9@webmd.com,Female,131.243.167.83
983,Mirella,Hanshaw,mhanshawra@chicagotribune.com,Female,59.118.88.61
984,Ezechiel,Faunt,efauntrb@cpanel.net,Male,131.140.18.25
985,Basil,Quarrell,bquarrellrc@github.io,Male,144.179.150.84
986,Myrah,Worsnap,mworsnaprd@ted.com,Female,114.61.86.215
987,Darby,Mishaw,dmishawre@free.fr,Male,208.47.114.214
988,Simeon,Bome,sbomerf@freewebs.com,Male,231.69.101.169
989,Des,O'Longain,dolongainrg@ft.com,Male,171.15.106.245
990,Basil,Kemston,bkemstonrh@accuweather.com,Male,36.54.86.194
991,Adolphe,Athey,aatheyri@boston.com,Male,215.126.133.244
992,Base,Heintzsch,bheintzschrj@engadget.com,Male,22.207.146.84
993,Evvy,Renish,erenishrk@deliciousdays.com,Female,253.169.29.65
994,Tallulah,Yarnell,tyarnellrl@booking.com,Female,166.159.78.225
995,Willem,Pottes,wpottesrm@cbsnews.com,Male,57.235.81.68
996,Kelsy,Vaneev,kvaneevrn@paginegialle.it,Female,201.13.158.52
997,Lutero,Gronno,lgronnoro@ask.com,Male,181.132.40.95
998,Rodrigo,Emburey,rembureyrp@redcross.org,Male,44.138.12.144
999,Felicio,Averay,faverayrq@dell.com,Male,116.200.242.18
1000,Ashby,Seale,asealerr@wikia.com,Male,222.223.131.252
